Region,Average Annual Precipitation (mm) Rescaled
Dakar,10.0
Diourbel,32.87182012774919
Fatick,45.41453788439739
Kaffrine,40.868153248403374
Kaolack,45.88373840968416
Kédougou,87.54497241930426
Kolda,71.85056081546327
Louga,23.937547828865267
Matam,27.71653690009227
Saint-Louis,17.122809334804742
Sédhiou,77.41036780199644
Tambacounda,55.899698354058934
Thiès,22.425229010827792
Ziguinchor,100.0
