Region,Average Annual Precipitation (mm),Average Dry Days (<1 mm),Average Annual Precipitation (mm) Rescaled,Average Dry Days (<1 mm) Rescaled,Vulnerability,Lack of Coping Capacity,Vulnerability Rescaled,Lack of Coping Capacity Rescaled
Dakar,211.47168058584447,27.0,10.0,10.0,0.9,3.7,10.0,10.0
Diourbel,455.69967087899784,53.0047619047619,32.87182012774919,73.08077046486527,1.6,4.3,28.529411764705884,28.620689655172406
Fatick,589.6322889833137,46.7552380952381,45.41453788439739,57.92105554853327,1.4,5.6,23.235294117647058,68.9655172413793
Kaffrine,541.0854581431502,49.05238095238095,40.868153248403374,63.49332503621884,1.4,5.1,23.235294117647058,53.44827586206896
Kaolack,594.6424674778644,45.379464285714285,45.88373840968416,54.583787081781665,1.2,4.6,17.941176470588232,37.93103448275861
Kédougou,1039.5060331438817,33.698214285714286,87.54497241930426,26.24812099526481,3.1,6.6,68.23529411764707,100.0
Kolda,871.9192567775691,37.8938492063492,71.85056081546327,36.42563711143737,1.5,6.3,25.88235294117647,90.6896551724138
Louga,360.2984585530533,57.0302343159486,23.937547828865267,82.84551671067562,3.1,4.6,68.23529411764707,37.93103448275861
Matam,400.6509491310031,57.43537414965985,27.71653690009227,83.82828028875066,4.3,5.4,100.0,62.75862068965519
Saint-Louis,287.5298779380579,64.10209235209236,17.122809334804742,100.0,1.2,4.9,17.941176470588232,47.24137931034484
Sédhiou,931.2875308875693,34.81547619047619,77.41036780199644,28.958306999718026,1.2,6.0,17.941176470588232,81.37931034482759
Tambacounda,701.594067936787,44.77601410934744,55.899698354058934,53.11997433080206,2.2,6.0,44.41176470588236,81.37931034482759
Thiès,344.14974001868114,39.839285714285715,22.425229010827792,41.14475871926259,1.3,4.3,20.58823529411765,28.620689655172406
Ziguinchor,1172.502285216911,30.863095238095234,100.0,19.37086157107158,0.9,5.5,10.0,65.86206896551724
