Region,Average Annual Precipitation (mm),Average Dry Days (<1 mm),Vulnerability,Lack of Coping Capacity
Dakar,211.47168058584447,27.0,0.9,3.7
Diourbel,455.69967087899784,53.0047619047619,1.6,4.3
Fatick,589.6322889833137,46.7552380952381,1.4,5.6
Kaffrine,541.0854581431502,49.05238095238095,1.4,5.1
Kaolack,594.6424674778644,45.379464285714285,1.2,4.6
Kédougou,1039.5060331438817,33.698214285714286,3.1,6.6
Kolda,871.9192567775691,37.8938492063492,1.5,6.3
Louga,360.2984585530533,57.0302343159486,3.1,4.6
Matam,400.6509491310031,57.43537414965985,4.3,5.4
Saint-Louis,287.5298779380579,64.10209235209236,1.2,4.9
Sédhiou,931.2875308875693,34.81547619047619,1.2,6.0
Tambacounda,701.594067936787,44.77601410934744,2.2,6.0
Thiès,344.14974001868114,39.839285714285715,1.3,4.3
Ziguinchor,1172.502285216911,30.863095238095234,0.9,5.5
