Region,Vulnerability Rescaled
Dakar,10.0
Diourbel,28.529411764705884
Fatick,23.235294117647058
Kaffrine,23.235294117647058
Kaolack,17.941176470588232
Kédougou,68.23529411764707
Kolda,25.88235294117647
Louga,68.23529411764707
Matam,100.0
Saint-Louis,17.941176470588232
Sédhiou,17.941176470588232
Tambacounda,44.41176470588236
Thiès,20.58823529411765
Ziguinchor,10.0
